id,name,product_code,price,base_price,category,image_path,in_stock,featured,source
1,"Infant-to-Toddler Rocker (Pink)",68147,5800,3625,Toys & Bouncers,/images/BOUNCER__5800__4_.webp,true,false,filename
2,"Infant-to-Toddler Rocker (Teal)",68144,5800,3625,Toys & Bouncers,/images/BOUNCER__5800.webp,true,false,filename
3,"Baby Turban Cap",0021,575,230,Accessories,/images/BABY_TURBAN_CAP__0021__230.webp,true,false,filename
4,"Baby Carrier EN71",EN71-2,1764,980,Baby Carriers,/images/BABY_CARRIER_EN71-2___980.webp,true,true,filename
5,"Baby Soap Dish",210163,162,65,Accessories,/images/SOAP_DISH__65__210163.webp,true,false,filename
6,"Baby Spoon 5-Piece Set",BIP1419,1200,480,Accessories,/images/SPOON_5pcs__480__BIP1419.webp,true,false,filename
7,"Baby Spoon & Fork Set",BBX-135,450,180,Accessories,/images/SPOON_AND_FORK_SET__180_BBX-135.webp,true,false,filename
8,"Baby Silicone Spoon Set",JR8008,375,150,Accessories,/images/SPOON__JR8008__150.webp,true,false,filename
9,"Baby Heat Sensing Spoon & Fork Set",8017,350,140,Accessories,/images/SPOON___FORK_SET_8017__140_.webp,true,false,filename
10,"Baby Stroller A517",A517,10880,6800,Toys & Bouncers,/images/STROLLER__A517__6800.webp,true,false,filename
11,"Foldable 4-in-1 Baby Stroller STI",STI,6240,3900,Toys & Bouncers,/images/STROLLER__STI__3900.webp,true,false,filename
12,"Luxury Baby Stroller S800",S800,48000,30000,Toys & Bouncers,/images/STROLLER__S800__30_000__5_.webp,true,false,filename
13,"Katia-1 Baby Stroller",KATIA-1,15680,9800,Toys & Bouncers,/images/STROLLER__katia-1__9800.webp,true,false,filename
14,"Baby Stroller WH-500-102",W-500-102,7840,4900,Toys & Bouncers,/images/STROLLER__4900_W-500-102.webp,true,false,filename
15,"Spectrum Stroller Combo SPM-1000",SPM-1000-540,32000,20000,Toys & Bouncers,/images/STROLLER_COMBO__SPM-1000__20_000__1_.webp,true,false,filename
16,"Spectrum Stroller Combo SPM-1000-554",SPM-1000-554,32000,20000,Toys & Bouncers,/images/STROLLER_COMBO__20_000__SPM-1000-554.webp,true,false,filename
17,"3-in-1 Stroller Combo 747-9",747-9,40000,25000,Toys & Bouncers,/images/STROLLER_COMBO__25_000__747-9.webp,true,false,filename
18,"3-in-1 Stroller Combo 747-9 (Black)",747-9-BLK,40000,25000,Toys & Bouncers,/images/STROLLER_COMBO_3__25_000___747-9.webp,true,false,filename
19,"1410744 Raincoat $730",PROD-0019,0,,Accessories,/images/PROD-0019.webp,true,false,filename
20,"30860 Raincoat $450",PROD-0020,0,,Accessories,/images/PROD-0020.webp,true,false,filename
21,"Aa $130",PROD-0021,0,,Accessories,/images/PROD-0021.webp,true,false,filename
22,"Album (250 Pages)  #6013 $1200",PROD-0022,0,,Accessories,/images/PROD-0022.webp,true,false,filename
23,"Baby Belly Binder $345 #Bip8215",PROD-0023,0,,Accessories,/images/PROD-0023.webp,true,false,filename
24,"Baby Carrier  #Y 04 $ 600",PROD-0024,0,,Baby Carriers,/images/PROD-0024.webp,true,false,filename
25,"Baby Carrier #039 $3950",PROD-0025,0,,Baby Carriers,/images/PROD-0025.webp,true,false,filename
26,"Baby Carrier #23161 2 $2800",PROD-0026,0,,Baby Carriers,/images/PROD-0026.webp,true,false,filename
27,"Baby Carrier #23161 3 $3200",PROD-0027,0,,Baby Carriers,/images/PROD-0027.webp,true,false,filename
28,"Baby Carrier #Ss 161b $2600",PROD-0028,0,,Baby Carriers,/images/PROD-0028.webp,true,false,filename
29,"Baby Carrier #Ss 161g $2600",PROD-0029,0,,Baby Carriers,/images/PROD-0029.webp,true,false,filename
30,"Baby Carrier #Xm 5 $3800",PROD-0030,0,,Baby Carriers,/images/PROD-0030.webp,true,false,filename
31,"Baby Carrier $3300 #Bbx 188",PROD-0031,0,,Baby Carriers,/images/PROD-0031.webp,true,false,filename
32,"Baby Changing Pad #9275  $320",PROD-0032,0,,Accessories,/images/PROD-0032.webp,true,false,filename
33,"Baby Changing Plastic Sheeet #1560 9  $280",PROD-0033,0,,Accessories,/images/PROD-0033.webp,true,false,filename
34,"Baby Diaper Pin #P 117 $60",PROD-0034,0,,Accessories,/images/PROD-0034.webp,true,false,filename
35,"Baby Carrier En71 2",_980,0,,Baby Carriers,/images/BABY_CARRIER_EN71-2___980.webp,true,false,filename
36,"Baby Carrier En71 2",_980,0,,Baby Carriers,/images/BABY_CARRIER_EN71-2___980.webp,true,false,filename
37,"Bouncer",5800,9280,5800,Toys & Bouncers,/images/BOUNCER__5800.webp,true,false,filename
38,"Bouncer",5800,9280,5800,Toys & Bouncers,/images/BOUNCER__5800.webp,true,false,filename
39,"Bouncer",5800,6,4,Toys & Bouncers,/images/BOUNCER__5800__4_.webp,true,false,filename
40,"Bouncer",5800,6,4,Toys & Bouncers,/images/BOUNCER__5800__4_.webp,true,false,filename
41,"Soap Dish",65,525408,210163,Accessories,/images/SOAP_DISH__65__210163.webp,true,false,filename
42,"Spoon 5pcs",480,1200,480,Accessories,/images/SPOON_5pcs__480__BIP1419.webp,true,false,filename
43,"Spoon And Fork Set",180_BBX-135,0,,Accessories,/images/SPOON_AND_FORK_SET__180_BBX-135.webp,true,false,filename
44,"Spoon",_FORK_SET_8017,350,140,Accessories,/images/SPOON___FORK_SET_8017__140_.webp,true,false,filename
45,"Stroller Combo 3",25_000,0,,Accessories,/images/STROLLER_COMBO_3__25_000___747-9.webp,true,false,filename
46,"Stroller Combo",20_000,0,,Accessories,/images/STROLLER_COMBO__20_000__SPM-1000-554.webp,true,false,filename
47,"Stroller Combo",25_000,1868,747,Accessories,/images/STROLLER_COMBO__25_000__747-9.webp,true,false,filename
48,"Stroller Combo",SPM-1000,50,20,Accessories,/images/STROLLER_COMBO__SPM-1000__20_000__1_.webp,true,false,filename
49,"Stroller",4900_W-500-102,0,,Accessories,/images/STROLLER__4900_W-500-102.webp,true,false,filename
50,"Stroller",katia-1,24500,9800,Accessories,/images/STROLLER__katia-1__9800.webp,true,false,filename
51,"1410744 Raincoat $730",PROD-0051,0,,Accessories,/images/PROD-0051.webp,true,false,filename
52,"30860 Raincoat $450",PROD-0052,0,,Accessories,/images/PROD-0052.webp,true,false,filename
53,"Aa $130",PROD-0053,0,,Accessories,/images/PROD-0053.webp,true,false,filename
54,"Album (250 Pages)  #6013 $1200",PROD-0054,0,,Accessories,/images/PROD-0054.webp,true,false,filename
55,"Baby Belly Binder $345 #Bip8215",PROD-0055,0,,Accessories,/images/PROD-0055.webp,true,false,filename
56,"Baby Carrier  #Y 04 $ 600",PROD-0056,0,,Baby Carriers,/images/PROD-0056.webp,true,false,filename
57,"Baby Carrier #039 $3950",PROD-0057,0,,Baby Carriers,/images/PROD-0057.webp,true,false,filename
58,"Baby Carrier #23161 2 $2800",PROD-0058,0,,Baby Carriers,/images/PROD-0058.webp,true,false,filename
59,"Baby Carrier #23161 3 $3200",PROD-0059,0,,Baby Carriers,/images/PROD-0059.webp,true,false,filename
60,"Baby Carrier #Ss 161b $2600",PROD-0060,0,,Baby Carriers,/images/PROD-0060.webp,true,false,filename
61,"Baby Carrier #Ss 161g $2600",PROD-0061,0,,Baby Carriers,/images/PROD-0061.webp,true,false,filename
62,"Baby Carrier #Xm 5 $3800",PROD-0062,0,,Baby Carriers,/images/PROD-0062.webp,true,false,filename
63,"Baby Carrier $3300 #Bbx 188",PROD-0063,0,,Baby Carriers,/images/PROD-0063.webp,true,false,filename
64,"Baby Changing Pad #9275  $320",PROD-0064,0,,Accessories,/images/PROD-0064.webp,true,false,filename
65,"Baby Changing Plastic Sheeet #1560 9  $280",PROD-0065,0,,Accessories,/images/PROD-0065.webp,true,false,filename
66,"Baby Diaper Pin #P 117 $60",PROD-0066,0,,Accessories,/images/PROD-0066.webp,true,false,filename
67,"1410744 Raincoat $730",PROD-0067,0,,Accessories,/images/1410744_RAINCOAT_730.webp,true,false,filename
68,"1410744 Raincoat 730",PROD-0068,0,,Accessories,/images/1410744_RAINCOAT_730.webp,true,false,filename
69,"30860 Raincoat $450",PROD-0069,0,,Accessories,/images/30860_RAINCOAT_450_.webp,true,false,filename
70,"30860 Raincoat 450",PROD-0070,0,,Accessories,/images/30860_RAINCOAT_450_.webp,true,false,filename
71,"Aa $130",PROD-0071,0,,Accessories,/images/AA_130.webp,true,false,filename
72,"Aa 130",PROD-0072,0,,Accessories,/images/AA_130.webp,true,false,filename
73,"Album (250 Pages)  #6013 $1200",PROD-0073,0,,Accessories,/images/ALBUM_250_pages_6013_1200.webp,true,false,filename
74,"Album 250 Pages 6013 1200",PROD-0074,0,,Accessories,/images/ALBUM_250_pages_6013_1200.webp,true,false,filename
75,"Baby Belly Binder $345 #Bip8215",PROD-0075,0,,Accessories,/images/BABY_BELLY_BINDER_345_BIP8215_.webp,true,false,filename
76,"Baby Carrier  #Y 04 $ 600",PROD-0076,0,,Baby Carriers,/images/BABY_CARRIER_Y-04__600.webp,true,false,filename
77,"Baby Carrier #039 $3950",PROD-0077,0,,Baby Carriers,/images/BABY_CARRIER_039_3950.webp,true,false,filename
78,"Baby Carrier #23161 2 $2800",PROD-0078,0,,Baby Carriers,/images/BABY_CARRIER_23161-2_2800.webp,true,false,filename
79,"Baby Carrier #23161 3 $3200",PROD-0079,0,,Baby Carriers,/images/BABY_CARRIER_23161-3_3200.webp,true,false,filename
80,"Baby Carrier #Ss 161b $2600",PROD-0080,0,,Baby Carriers,/images/BABY_CARRIER_SS-161B_2600.webp,true,false,filename
81,"Baby Carrier #Ss 161g $2600",PROD-0081,0,,Baby Carriers,/images/BABY_CARRIER_SS-161G_2600.webp,true,false,filename
82,"Baby Carrier #Xm 5 $3800",PROD-0082,0,,Baby Carriers,/images/BABY_CARRIER_XM-5_3800.webp,true,false,filename
83,"Baby Carrier $3300 #Bbx 188",PROD-0083,0,,Baby Carriers,/images/BABY_CARRIER_3300_BBX-188.webp,true,false,filename
84,"Baby Changing Pad #9275  $320",PROD-0084,0,,Accessories,/images/BABY_CHANGING_PAD_9275_320.webp,true,false,filename
85,"Baby Changing Plastic Sheeet #1560 9  $280",PROD-0085,0,,Accessories,/images/BABY_CHANGING_PLASTIC_SHEEET_1560-9_280.webp,true,false,filename
86,"Baby Diaper Pin #P 117 $60",PROD-0086,0,,Accessories,/images/BABY_DIAPER_PIN_P-117_60.webp,true,false,filename
87,"Baby Belly Binder 345 Bip8215",PROD-0087,0,,Accessories,/images/BABY_BELLY_BINDER_345_BIP8215_.webp,true,false,filename
88,"Baby Carrier 039 3950",PROD-0088,0,,Baby Carriers,/images/BABY_CARRIER_039_3950.webp,true,false,filename
89,"Baby Carrier 23161 2 2800",PROD-0089,0,,Baby Carriers,/images/BABY_CARRIER_23161-2_2800.webp,true,false,filename
90,"Baby Carrier 23161 3 3200",PROD-0090,0,,Baby Carriers,/images/BABY_CARRIER_23161-3_3200.webp,true,false,filename
91,"Baby Carrier 3300 Bbx 188",PROD-0091,0,,Baby Carriers,/images/BABY_CARRIER_3300_BBX-188.webp,true,false,filename
92,"Baby Carrier Ss 161b 2600",PROD-0092,0,,Baby Carriers,/images/BABY_CARRIER_SS-161B_2600.webp,true,false,filename
93,"Baby Carrier Ss 161g 2600",PROD-0093,0,,Baby Carriers,/images/BABY_CARRIER_SS-161G_2600.webp,true,false,filename
94,"Baby Carrier Xm 5 3800",PROD-0094,0,,Baby Carriers,/images/BABY_CARRIER_XM-5_3800.webp,true,false,filename
95,"Baby Carrier Y 04",600,1080,600,Baby Carriers,/images/BABY_CARRIER_Y-04__600.webp,true,false,filename
96,"Baby Changing Pad 9275 320",PROD-0096,0,,Accessories,/images/BABY_CHANGING_PAD_9275_320.webp,true,false,filename
97,"Baby Changing Plastic Sheeet 1560 9 280",PROD-0097,0,,Accessories,/images/BABY_CHANGING_PLASTIC_SHEEET_1560-9_280.webp,true,false,filename
98,"Baby Diaper Pin P 117 60",PROD-0098,0,,Accessories,/images/BABY_DIAPER_PIN_P-117_60.webp,true,false,filename
99,"Baby Milestones Blanket 950",PROD-0099,0,,Accessories,/images/BABY_MILESTONES_BLANKET_950.webp,true,false,filename
100,"Baby Safety Mirrow Cm 528b 1250",PROD-0100,0,,Accessories,/images/BABY_SAFETY_MIRROW_CM-528B_1250.webp,true,false,filename
101,"Baby Sofa",PROD-0101,0,,Accessories,/images/BABY_SOFA_.webp,true,false,filename
102,"Baby Sofa Mn 822 1130",PROD-0102,0,,Accessories,/images/BABY_SOFA_MN-822_1130.webp,true,false,filename
103,"Baby Sofa Mn 822 1130",PROD-0103,0,,Accessories,/images/BABY_SOFA_MN-822_1130_.webp,true,false,filename
104,"Baby Sofa Seat Mn 823 2850",PROD-0104,0,,Accessories,/images/BABY_SOFA_SEAT_MN-823_2850.webp,true,false,filename
105,"Baby Swing 668 6 13500",PROD-0105,0,,Accessories,/images/BABY_SWING_668-6_13500.webp,true,false,filename
106,"Baby Walker 805 4500",PROD-0106,0,,Accessories,/images/BABY_WALKER_805_4500_.webp,true,false,filename
107,"Baby Walker A2088 8500",PROD-0107,0,,Accessories,/images/BABY_WALKER_A2088_8500.webp,true,false,filename
108,"Baby Walker He0802 7500",PROD-0108,0,,Accessories,/images/BABY_WALKER_HE0802_7500.webp,true,false,filename
109,"Baby Walker N6038 1 3600",PROD-0109,0,,Accessories,/images/BABY_WALKER_N6038-1_3600.webp,true,false,filename
110,"Baby Walker N6038 3 3600",PROD-0110,0,,Accessories,/images/BABY_WALKER_N6038-3_3600.webp,true,false,filename
111,"Baby Walker N66038 2 3600",PROD-0111,0,,Accessories,/images/BABY_WALKER_N66038-2_3600.webp,true,false,filename
112,"Basinette 2 In 1 Hm53 5 8800",PROD-0112,0,,Accessories,/images/BASINETTE_2_IN_1_HM53-5_8800.webp,true,false,filename
113,"Basinet 32022 Large 960",PROD-0113,0,,Accessories,/images/BASINET_32022_large_960.webp,true,false,filename
114,"Basinet 502b 2400",PROD-0114,0,,Accessories,/images/BASINET_502B_2400_.webp,true,false,filename
115,"Basinet 8800 98998",PROD-0115,0,,Accessories,/images/BASINET_8800_98998.webp,true,false,filename
116,"Bassinet 8800",PROD-0116,0,,Accessories,/images/BASSINET_8800.webp,true,false,filename
117,"Bath Sponge Yy2001a 700",PROD-0117,0,,Accessories,/images/BATH_SPONGE_YY2001A_700.webp,true,false,filename
118,"Bath Support 1688 1250",PROD-0118,0,,Accessories,/images/BATH_SUPPORT_1688_1250.webp,true,false,filename
119,"Bath Support 8015s 1250 2",PROD-0119,0,,Accessories,/images/BATH_SUPPORT_8015S_1250_2.webp,true,false,filename
120,"Bath Support Nd173 1200",PROD-0120,0,,Accessories,/images/BATH_SUPPORT_ND173_1200_.webp,true,false,filename
121,"Bed Net K2512 King 850",queen_Q6025_750_,0,,Accessories,/images/BED_NET_K2512_king_850__queen_Q6025_750_.webp,true,false,filename
122,"Bibs 160 46076",PROD-0122,0,,Accessories,/images/BIBS_160_46076.webp,true,false,filename
123,"Bibs 5pcs 750 1069",PROD-0123,0,,Accessories,/images/BIBS_5pcs_750_1069.webp,true,false,filename
124,"Bibs B 1200 150",PROD-0124,0,,Accessories,/images/BIBS_B-1200_150_.webp,true,false,filename
125,"Bibs Socks Mitten 289652 450",PROD-0125,0,,Accessories,/images/BIBS_SOCKS_MITTEN_289652_450_.webp,true,false,filename
126,"Bibs Boy And Girl Mnh 39500",PROD-0126,0,,Accessories,/images/BIBS_boy_and_girl_MNH-39500.webp,true,false,filename
127,"Bib Bbid 237 190",PROD-0127,0,,Accessories,/images/BIB_BBID-237_190.webp,true,false,filename
128,"Bib Bbid 238 190",PROD-0128,0,,Accessories,/images/BIB_BBID-238_190.webp,true,false,filename
129,"Bib Socks Mitten 289652 4502",PROD-0129,0,,Accessories,/images/BIB_SOCKS_MITTEN_289652_4502.webp,true,false,filename
130,"Bib Socks Mitten 450 289652",PROD-0130,0,,Accessories,/images/BIB_SOCKS_MITTEN_450_289652_.webp,true,false,filename
131,"Blankets 250 230 200pcs",PROD-0131,0,,Accessories,/images/BLANKETS_250_230_200pcs_.webp,true,false,filename
132,"Blanket 720 82796 7",PROD-0132,0,,Accessories,/images/BLANKET_720_82796-7.webp,true,false,filename
133,"Blanket 8592 480",PROD-0133,0,,Accessories,/images/BLANKET_8592_480_.webp,true,false,filename
134,"Blanket And Neck Pillow 21016 3 1100",PROD-0134,0,,Accessories,/images/BLANKET_AND_NECK_PILLOW_21016-3_1100.webp,true,false,filename
135,"Blanket Bl200 980",PROD-0135,0,,Accessories,/images/BLANKET_BL200_980.webp,true,false,filename
136,"Blanket Blk 1 680",PROD-0136,0,,Accessories,/images/BLANKET_BLK-1_680.webp,true,false,filename
137,"Blanket Blk 6 680",PROD-0137,0,,Accessories,/images/BLANKET_BLK-6_680.webp,true,false,filename
138,"Blanket Blk 8 680",PROD-0138,0,,Accessories,/images/BLANKET_BLK-8_680.webp,true,false,filename
139,"Blanket Czl 256 680",PROD-0139,0,,Accessories,/images/BLANKET_CZL-256_680.webp,true,false,filename
140,"Blanket Czl 257 680",PROD-0140,0,,Accessories,/images/BLANKET_CZL-257_680.webp,true,false,filename
141,"Blanket With Pillow Kis 72625 1100",PROD-0141,0,,Accessories,/images/BLANKET_with_PILLOW_KIS-72625_1100.webp,true,false,filename
142,"Bottle 1.5oz Bbid 9 150",PROD-0142,0,,Accessories,/images/BOTTLE_1.5oz_BBID-9_150.webp,true,false,filename
143,"Bottle 10oz 310 Bbid 17",PROD-0143,0,,Accessories,/images/BOTTLE_10oz_310_BBID-17.webp,true,false,filename
144,"Bottle 10oz 360",PROD-0144,0,,Accessories,/images/BOTTLE_10oz_360_.webp,true,false,filename
145,"Bottle 10oz 395 Bip1552",PROD-0145,0,,Accessories,/images/BOTTLE_10oz_395_BIP1552.webp,true,false,filename
146,"Bottle 10oz Bbid 118 330",PROD-0146,0,,Accessories,/images/BOTTLE_10oz_BBID-118_330.webp,true,false,filename
147,"Bottle 10oz Bbid 121 390",PROD-0147,0,,Accessories,/images/BOTTLE_10oz_BBID-121_390.webp,true,false,filename
148,"Bottle 10oz Bbid 48",PROD-0148,0,,Accessories,/images/BOTTLE_10oz_BBID-48.webp,true,false,filename
149,"Bottle 11oz 320 Bbid 289",PROD-0149,0,,Accessories,/images/BOTTLE_11oz_320_BBID-289.webp,true,false,filename
150,"Bottle 11oz 365 Bbid 279",PROD-0150,0,,Accessories,/images/BOTTLE_11oz_365_BBID-279.webp,true,false,filename
151,"Bottle 11oz Bbid 109 330",PROD-0151,0,,Accessories,/images/BOTTLE_11oz_BBID-109_330.webp,true,false,filename
152,"Bottle 12oz 310 Bip1243",PROD-0152,0,,Accessories,/images/BOTTLE_12oz_310_BIP1243.webp,true,false,filename
153,"Bottle 12oz 395 Bip1362",PROD-0153,0,,Accessories,/images/BOTTLE_12oz_395_BIP1362_.webp,true,false,filename
154,"Bottle 12oz 540 Bip1127",PROD-0154,0,,Accessories,/images/BOTTLE_12oz_540_BIP1127.webp,true,false,filename
155,"Bottle 12oz 580 Bip1364",PROD-0155,0,,Accessories,/images/BOTTLE_12oz_580_BIP1364.webp,true,false,filename
156,"Bottle 14oz 250trph14 Gold",PROD-0156,0,,Accessories,/images/BOTTLE_14oz_250TRPH14-gold.webp,true,false,filename
157,"Bottle 14oz 580 Bip1128",PROD-0157,0,,Accessories,/images/BOTTLE_14oz_580_BIP1128.webp,true,false,filename
158,"Bottle 15oz 51934 380 Case 96pcs 350",PROD-0158,0,,Accessories,/images/BOTTLE_15oz_51934_380_case_96pcs_350_.webp,true,false,filename
159,"Bottle 15oz 550 Bip1479",PROD-0159,0,,Accessories,/images/BOTTLE_15oz_550_BIP1479.webp,true,false,filename
160,"Bottle 15oz 590 Bip1570",PROD-0160,0,,Accessories,/images/BOTTLE_15oz_590_BIP1570.webp,true,false,filename
161,"Bottle 15oz 680 Bip1495",PROD-0161,0,,Accessories,/images/BOTTLE_15oz_680_BIP1495.webp,true,false,filename
162,"Bottle 16oz 580 Bip1387",PROD-0162,0,,Accessories,/images/BOTTLE_16oz_580_BIP1387.webp,true,false,filename
163,"Bottle 3pcs 8oz 660 Bbid 301",PROD-0163,0,,Accessories,/images/BOTTLE_3PCS_8oz_660_BBID-301.webp,true,false,filename
164,"Bottle 3oz 260 Bbid 286",PROD-0164,0,,Accessories,/images/BOTTLE_3oz_260_BBID-286.webp,true,false,filename
165,"Bottle 3oz Bbid 37 195",PROD-0165,0,,Accessories,/images/BOTTLE_3oz_BBID-37_195.webp,true,false,filename
166,"Bottle 4oz 200 Bbid 292",PROD-0166,0,,Accessories,/images/BOTTLE_4oz_200_BBID-292_.webp,true,false,filename
167,"Bottle 4oz 240 Bbid 1",PROD-0167,0,,Accessories,/images/BOTTLE_4oz_240_BBID-1.webp,true,false,filename
168,"Bottle 4oz Bb Sh 402 210",PROD-0168,0,,Accessories,/images/BOTTLE_4oz_BB-SH-402_210_.webp,true,false,filename
169,"Bottle 4oz Rts002 365",PROD-0169,0,,Accessories,/images/BOTTLE_4oz_RTS002_365.webp,true,false,filename
170,"Bottle 6oz 290 Bbid 284",PROD-0170,0,,Accessories,/images/BOTTLE_6oz_290_BBID-284.webp,true,false,filename
171,"Bottle 6oz Bbid 117 220",PROD-0171,0,,Accessories,/images/BOTTLE_6oz_BBID-117_220.webp,true,false,filename
172,"Bottle 7oz Bbid 13 350",PROD-0172,0,,Accessories,/images/BOTTLE_7oz_BBID-13_350.webp,true,false,filename
173,"Bottle 8oz 220 455614",PROD-0173,0,,Accessories,/images/BOTTLE_8oz_220_455614.webp,true,false,filename
174,"Bottle 8oz 230 Bbid 293",PROD-0174,0,,Accessories,/images/BOTTLE_8oz_230_BBID-293_.webp,true,false,filename
175,"Bottle 8oz 250 Gb0511",PROD-0175,0,,Accessories,/images/BOTTLE_8oz_250_GB0511.webp,true,false,filename
176,"Bottle 8oz 260 Bbid 142",PROD-0176,0,,Accessories,/images/BOTTLE_8oz_260_BBID-142.webp,true,false,filename
177,"Bottle 8oz 290",PROD-0177,0,,Accessories,/images/BOTTLE_8oz_290.webp,true,false,filename
178,"Bottle 8oz 310 Bbid 285",PROD-0178,0,,Accessories,/images/BOTTLE_8oz_310_BBID-285.webp,true,false,filename
179,"Bottle 8oz 330 Bbid 113",PROD-0179,0,,Accessories,/images/BOTTLE_8oz_330_BBID-113.webp,true,false,filename
180,"Bottle 8oz 385 Bip1575",PROD-0180,0,,Accessories,/images/BOTTLE_8oz_385_BIP1575.webp,true,false,filename
181,"Bottle 8oz 44665 330",PROD-0181,0,,Accessories,/images/BOTTLE_8oz_44665_330.webp,true,false,filename
182,"Bottle 8oz 680 Bip1671",PROD-0182,0,,Accessories,/images/BOTTLE_8oz_680_BIP1671.webp,true,false,filename
183,"Bottle 8oz Bbid 22 210",PROD-0183,0,,Accessories,/images/BOTTLE_8oz_BBID-22_210.webp,true,false,filename
184,"Bottle 8oz Bbid 26 290",PROD-0184,0,,Accessories,/images/BOTTLE_8oz_BBID-26_290.webp,true,false,filename
185,"Bottle 8oz Bbid 40 340",PROD-0185,0,,Accessories,/images/BOTTLE_8oz_BBID-40_340.webp,true,false,filename
186,"Bottle 8oz Bbid 43 250",PROD-0186,0,,Accessories,/images/BOTTLE_8oz_BBID-43_250.webp,true,false,filename
187,"Bottle 8oz Gbs039 380",PROD-0187,0,,Accessories,/images/BOTTLE_8oz_GBS039_380.webp,true,false,filename
188,"Bottle 8oz Rts003 390",PROD-0188,0,,Accessories,/images/BOTTLE_8oz_RTS003_390.webp,true,false,filename
189,"Bottle 8oz Bbid 189 320",PROD-0189,0,,Accessories,/images/BOTTLE_8oz_bbid-189_320_.webp,true,false,filename
190,"Bottle 9oz 210 Bbid 198",PROD-0190,0,,Accessories,/images/BOTTLE_9oz_210_BBID-198.webp,true,false,filename
191,"Bottle 9oz 260 Gb0416",PROD-0191,0,,Accessories,/images/BOTTLE_9oz_260_GB0416.webp,true,false,filename
192,"Bottle 9oz 365 Bbid 14",PROD-0192,0,,Accessories,/images/BOTTLE_9oz_365_BBID-14.webp,true,false,filename
193,"Bottle 9oz 380 Bip1319",PROD-0193,0,,Accessories,/images/BOTTLE_9oz_380_BIP1319.webp,true,false,filename
194,"Bottle A 3 280",PROD-0194,0,,Accessories,/images/BOTTLE_A-3_280.webp,true,false,filename
195,"Bottle Brush 110",PROD-0195,0,,Accessories,/images/BOTTLE_BRUSH_110.webp,true,false,filename
196,"Bottle Brush 38457 320",PROD-0196,0,,Accessories,/images/BOTTLE_BRUSH_38457_320.webp,true,false,filename
197,"Bottle Brush B B234 260",PROD-0197,0,,Accessories,/images/BOTTLE_BRUSH_B-B234_260.webp,true,false,filename
198,"Bottle Brush Bl 6376 220",PROD-0198,0,,Accessories,/images/BOTTLE_BRUSH_BL-6376_220.webp,true,false,filename
199,"Bottle Brush Bpf 14 250",PROD-0199,0,,Accessories,/images/BOTTLE_BRUSH_BPF-14_250.webp,true,false,filename
200,"Bottle Drainer 1850",PROD-0200,0,,Accessories,/images/BOTTLE_DRAINER_1850_.webp,true,false,filename
201,"Bottle Drying Rack 650 Bbid 242",PROD-0201,0,,Accessories,/images/BOTTLE_DRYING_RACK_650_BBID-242.webp,true,false,filename
202,"Bottle Drying Rack Bbid 242 650",PROD-0202,0,,Accessories,/images/BOTTLE_DRYING_RACK_BBID-242_650.webp,true,false,filename
203,"Bottle Drying Rock Zzx 8092 280",PROD-0203,0,,Accessories,/images/BOTTLE_DRYING_ROCK_ZZX-8092_280.webp,true,false,filename
204,"Bottle Nipples 144pcs Bag Bb 12 50",PROD-0204,0,,Accessories,/images/BOTTLE_NIPPLES_144pcs_bag_BB-12_50.webp,true,false,filename
205,"Bottle Nipple 2pcs 180 48348",PROD-0205,0,,Accessories,/images/BOTTLE_NIPPLE_2pcs_180_48348.webp,true,false,filename
206,"Bottle Nipple 2pcs Dg Tt01 120 72bx",PROD-0206,0,,Accessories,/images/BOTTLE_NIPPLE_2pcs_DG-TT01_120_72bx.webp,true,false,filename
207,"Bottle Nipple 3pcs Dg 13 120",PROD-0207,0,,Accessories,/images/BOTTLE_NIPPLE_3pcs_DG-13_120.webp,true,false,filename
208,"Bottle Nipple Bip1351 M.",L.340_,0,,Accessories,/images/BOTTLE_NIPPLE_BIP1351_M.__L.340_.webp,true,false,filename
209,"Bottle Nipple",2013_20,0,,Accessories,/images/BOTTLE_NIPPLE__2013_20.webp,true,false,filename
210,"Bottle Spoon 150",PROD-0210,0,,Accessories,/images/BOTTLE_SPOON_150.webp,true,false,filename
211,"Bottle Sterlizer Bbid 254 6500",PROD-0211,0,,Accessories,/images/BOTTLE_STERLIZER_BBID-254_6500.webp,true,false,filename
212,"Bottle Sterlizer Bbx 100 5500",PROD-0212,0,,Accessories,/images/BOTTLE_STERLIZER_BBX-100_5500.webp,true,false,filename
213,"Bottle Sterlizer Microwave 2450",PROD-0213,0,,Accessories,/images/BOTTLE_STERLIZER_MICROWAVE_2450.webp,true,false,filename
214,"Bottle Tang 8242 80",PROD-0214,0,,Accessories,/images/BOTTLE_TANG_8242_80.webp,true,false,filename
215,"Bottle Warmer 2640 Bbx 328",PROD-0215,0,,Accessories,/images/BOTTLE_WARMER_2640_BBX-328.webp,true,false,filename
216,"Bottle Warmer 2640 Bbx 329",PROD-0216,0,,Accessories,/images/BOTTLE_WARMER_2640_BBX-329.webp,true,false,filename
217,"Bottle Warmer 2640 Bbx 330",PROD-0217,0,,Accessories,/images/BOTTLE_WARMER_2640_BBX-330.webp,true,false,filename
218,"Bottle Warmer Mg 2023 4 750",PROD-0218,0,,Accessories,/images/BOTTLE_WARMER_MG-2023-4_750.webp,true,false,filename
219,"Bottle Warmer Mn 373 750",PROD-0219,0,,Accessories,/images/BOTTLE_WARMER_MN-373_750.webp,true,false,filename
220,"Bottle Warmer Sterlizer 3750 Dg 906",PROD-0220,0,,Accessories,/images/BOTTLE_WARMER_STERLIZER_3750_DG-906_.webp,true,false,filename
221,"Bottle Warmer Xw 002 420",PROD-0221,0,,Accessories,/images/BOTTLE_WARMER_XW-002_420.webp,true,false,filename
222,"Bouncer 3689a 5800",PROD-0222,0,,Toys & Bouncers,/images/BOUNCER_3689A_5800.webp,true,false,filename
223,"Bouncer 3689 5800",PROD-0223,0,,Toys & Bouncers,/images/BOUNCER_3689_5800.webp,true,false,filename
224,"Bouncer 5500 Roc 411",PROD-0224,0,,Toys & Bouncers,/images/BOUNCER_5500_ROC-411_.webp,true,false,filename
225,"Bouncer 5500 Roc 416",PROD-0225,0,,Toys & Bouncers,/images/BOUNCER_5500_ROC-416.webp,true,false,filename
226,"Bouncer 5500 Roc 542",PROD-0226,0,,Toys & Bouncers,/images/BOUNCER_5500_ROC-542_.webp,true,false,filename
227,"Bouncer 5500 Roc 543",PROD-0227,0,,Toys & Bouncers,/images/BOUNCER_5500_ROC-543.webp,true,false,filename
228,"Bouncer 5500 Roc 544",PROD-0228,0,,Toys & Bouncers,/images/BOUNCER_5500_ROC-544.webp,true,false,filename
229,"Bouncer 68110 5500 5",PROD-0229,0,,Toys & Bouncers,/images/BOUNCER_68110_5500_5.webp,true,false,filename
230,"Bouncer 68112 5500 2",PROD-0230,0,,Toys & Bouncers,/images/BOUNCER_68112_5500_2.webp,true,false,filename
231,"Bouncer 68129 5500 1",PROD-0231,0,,Toys & Bouncers,/images/BOUNCER_68129_5500_1.webp,true,false,filename
232,"Bouncer 68129 5500 2",PROD-0232,0,,Toys & Bouncers,/images/BOUNCER_68129_5500_2.webp,true,false,filename
233,"Bouncer 7188 8800 3",PROD-0233,0,,Toys & Bouncers,/images/BOUNCER_7188_8800_3.webp,true,false,filename
234,"Bouncer 7288 8800 2",PROD-0234,0,,Toys & Bouncers,/images/BOUNCER_7288_8800_2.webp,true,false,filename
235,"Bouncer 8615 5500 4",PROD-0235,0,,Toys & Bouncers,/images/BOUNCER_8615_5500_4.webp,true,false,filename
236,"Bouncer 9758 8800",PROD-0236,0,,Toys & Bouncers,/images/BOUNCER_9758_8800.webp,true,false,filename
237,"Bouncer Rockers 10500 9858",PROD-0237,0,,Toys & Bouncers,/images/BOUNCER_ROCKERS_10500_9858.webp,true,false,filename
238,"Bouncer Rockers 10500 9868",PROD-0238,0,,Toys & Bouncers,/images/BOUNCER_ROCKERS_10500_9868_.webp,true,false,filename
239,"Breast Feeding Cover Up 23161 1 1100",PROD-0239,0,,Accessories,/images/BREAST_FEEDING_COVER_UP_23161-1_1100.webp,true,false,filename
240,"Breast Milk Bag 420 Bbx 284",PROD-0240,0,,Accessories,/images/BREAST_MILK_BAG_420_BBX-284.webp,true,false,filename
241,"Breast Milk Bag 420 Xxr 31",PROD-0241,0,,Accessories,/images/BREAST_MILK_BAG_420_XXR-31.webp,true,false,filename
242,"Breast Milk Bag 660 Bbx 285",PROD-0242,0,,Accessories,/images/BREAST_MILK_BAG_660_BBX-285.webp,true,false,filename
243,"Breast Milk Bag Pb 5011 450",PROD-0243,0,,Accessories,/images/BREAST_MILK_BAG_PB-5011_450.webp,true,false,filename
244,"Breast Milk Storage Bag Bbid 215 420",PROD-0244,0,,Accessories,/images/BREAST_MILK_STORAGE_BAG_BBID-215_420.webp,true,false,filename
245,"Breast Nipple Cover",140_BBX-210.,0,,Accessories,/images/BREAST_NIPPLE_COVER__140_BBX-210..webp,true,false,filename
246,"Breast Pad 350 Bbid 222",PROD-0246,0,,Accessories,/images/BREAST_PAD_350_BBID-222.webp,true,false,filename
247,"Breast Pad Bbid 222 350",PROD-0247,0,,Accessories,/images/BREAST_PAD_BBID-222_350.webp,true,false,filename
248,"Breast Pad Dg 331 400",PROD-0248,0,,Accessories,/images/BREAST_PAD_DG-331_400.webp,true,false,filename
249,"Breast Pad Washable 45804 480",PROD-0249,0,,Accessories,/images/BREAST_PAD_WASHABLE_45804_480_.webp,true,false,filename
250,"Breast Pad Washable Bbid 221 380",PROD-0250,0,,Accessories,/images/BREAST_PAD_WASHABLE_BBID-221_380.webp,true,false,filename
251,"Breast Pump Bbx 1105 3500",PROD-0251,0,,Accessories,/images/BREAST_PUMP_BBX-1105_3500.webp,true,false,filename
252,"Breast Pump Bm2548 520",PROD-0252,0,,Accessories,/images/BREAST_PUMP_BM2548_520.webp,true,false,filename
253,"Breast Pump Electric 006a 1950",PROD-0253,0,,Accessories,/images/BREAST_PUMP_ELECTRIC_006A_1950.webp,true,false,filename
254,"Breast Pump Qy101 3800",PROD-0254,0,,Accessories,/images/BREAST_PUMP_QY101_3800.webp,true,false,filename
255,"Brush And Comb C316 260",PROD-0255,0,,Accessories,/images/BRUSH_AND_COMB_C316_260.webp,true,false,filename
256,"Brush",COMB_0125_250,0,,Accessories,/images/BRUSH__COMB_0125_250.webp,true,false,filename
257,"Brush",COMB_MNSS-2_190_,0,,Accessories,/images/BRUSH__COMB_MNSS-2_190_.webp,true,false,filename
258,"Brush",COMB_SK-05_250_4,0,,Accessories,/images/BRUSH__COMB_SK-05_250_4.webp,true,false,filename
259,"Brush",COMB_SK-06_220_5,0,,Accessories,/images/BRUSH__COMB_SK-06_220_5.webp,true,false,filename
260,"Burp Cloth B020 600",PROD-0260,0,,Accessories,/images/BURP_CLOTH_B020_600.webp,true,false,filename
261,"Cap 0077 550",PROD-0261,0,,Accessories,/images/CAP_0077_550.webp,true,false,filename
262,"Cap 1000100 580",PROD-0262,0,,Accessories,/images/CAP_1000100_580_.webp,true,false,filename
263,"Cap 150 Mnycs 98",PROD-0263,0,,Accessories,/images/CAP_150_MNYCS-98_.webp,true,false,filename
264,"Cap 3pcs 420 Mny 99",PROD-0264,0,,Accessories,/images/CAP_3pcs_420_MNY-99_.webp,true,false,filename
265,"Cap 3pcs Sb 1007 380",PROD-0265,0,,Accessories,/images/CAP_3pcs_SB-1007_380.webp,true,false,filename
266,"Cap 5pcs Tx23101501 650",PROD-0266,0,,Accessories,/images/CAP_5PCS_TX23101501_650.webp,true,false,filename
267,"Cap 5pcs",PROD-0267,0,,Accessories,/images/CAP_5pcs.webp,true,false,filename
268,"Cap 8015 160",PROD-0268,0,,Accessories,/images/CAP_8015_160.webp,true,false,filename
269,"Cap 880 Bip8405",PROD-0269,0,,Accessories,/images/CAP_880_BIP8405.webp,true,false,filename
270,"Cap And Mitten 20603 780",PROD-0270,0,,Accessories,/images/CAP_AND_MITTEN_20603_780.webp,true,false,filename
271,"Cap And Socks 513354 540",PROD-0271,0,,Accessories,/images/CAP_AND_SOCKS_513354_540.webp,true,false,filename
272,"Cap And Socks 81570 650",PROD-0272,0,,Accessories,/images/CAP_AND_SOCKS_81570_650.webp,true,false,filename
273,"Cap Bootie",MITTEN_SETS_92311_390,0,,Accessories,/images/CAP_BOOTIE__MITTEN_SETS_92311_390.webp,true,false,filename
274,"Cap Pp 5 550",PROD-0274,0,,Accessories,/images/CAP_PP-5_550.webp,true,false,filename
275,"Cap Turban00021 230",PROD-0275,0,,Accessories,/images/CAP_TURBAN00021_230.webp,true,false,filename
276,"Cap",2_Socks_289621_450,0,,Accessories,/images/CAP__2_Socks_289621_450.webp,true,false,filename
277,"Cap And Mitten Nl 3 780",PROD-0277,0,,Accessories,/images/CAP_and_MITTEN_NL-3_780.webp,true,false,filename
278,"Carrier 6800 7",PROD-0278,0,,Baby Carriers,/images/CARRIER_6800_7.webp,true,false,filename
279,"Carrier 6800 Spm 600 511",PROD-0279,0,,Baby Carriers,/images/CARRIER_6800_SPM-600-511.webp,true,false,filename
280,"Carrier 6800 Spm 600 512",PROD-0280,0,,Baby Carriers,/images/CARRIER_6800_SPM-600-512.webp,true,false,filename
281,"Carrier 6800 Spm 600 514",PROD-0281,0,,Baby Carriers,/images/CARRIER_6800_SPM-600-514.webp,true,false,filename
282,"Car Booster Seat 2800",PROD-0282,0,,Accessories,/images/CAR_BOOSTER_SEAT_2800.webp,true,false,filename
283,"Car Seat 11000 901",PROD-0283,0,,Accessories,/images/CAR_SEAT_11000_901.webp,true,false,filename
284,"Car Seat 13500 Hxw Hb08 Grey",PROD-0284,0,,Accessories,/images/CAR_SEAT_13500_HXW-HB08_GREY.webp,true,false,filename
285,"Car Seat 13500 Hxw Hb08 Blue",PROD-0285,0,,Accessories,/images/CAR_SEAT_13500_HXW-HB08_blue_.webp,true,false,filename
286,"Car Seat 8900 Cam 300",PROD-0286,0,,Accessories,/images/CAR_SEAT_8900_CAM-300_.webp,true,false,filename
287,"Car Seat 8900 Cam 401",PROD-0287,0,,Accessories,/images/CAR_SEAT_8900_CAM-401.webp,true,false,filename
288,"Car Seat 8900 Cam 402",PROD-0288,0,,Accessories,/images/CAR_SEAT_8900_CAM-402.webp,true,false,filename
289,"Car Seat 901 11000.jpg 1",PROD-0289,0,,Accessories,/images/CAR_SEAT_901_11000.jpg-1.webp,true,false,filename
290,"Car Seat 902 10000",PROD-0290,0,,Accessories,/images/CAR_SEAT_902_10000.webp,true,false,filename
291,"Car Seat 9900 Hxw 02 1",PROD-0291,0,,Accessories,/images/CAR_SEAT_9900_HXW-02_1.webp,true,false,filename
292,"Car Seat 9900 Hxw 02 3",PROD-0292,0,,Accessories,/images/CAR_SEAT_9900_HXW-02_3.webp,true,false,filename
293,"Car Seat Booster 10939 2800",PROD-0293,0,,Accessories,/images/CAR_SEAT_BOOSTER_10939_2800.webp,true,false,filename
294,"Car Seat Hb02 13 500",PROD-0294,0,,Accessories,/images/CAR_SEAT_HB02_13_500.webp,true,false,filename
295,"Car Seat Hxw Hb08 13500.jpg 1",PROD-0295,0,,Accessories,/images/CAR_SEAT_HXW-HB08_13500.jpg-1.webp,true,false,filename
296,"Car Seat Hxw Hb08 13500",PROD-0296,0,,Accessories,/images/CAR_SEAT_HXW-HB08_13500.webp,true,false,filename
297,"Car Seat Hxw Hb08 13500 2",PROD-0297,0,,Accessories,/images/CAR_SEAT_HXW-HB08_13500_2.webp,true,false,filename
298,"Crib 660 39000 Crib Mattress Large 10000.crib Mattress Small 7500.00",PROD-0298,0,,Accessories,/images/CRIB_660_39000_Crib_Mattress_Large_10000.crib_Mattress_Small_7500.00.webp,true,false,filename
299,"Crib Bedding 5pcs 79281 8500 2",PROD-0299,0,,Accessories,/images/CRIB_BEDDING_5PCS_79281_8500-2.webp,true,false,filename
300,"Crib Bedding 5pcs 8500 79278",PROD-0300,0,,Accessories,/images/CRIB_BEDDING_5PCS_8500_79278.webp,true,false,filename
301,"Crib Bedding 5pcs 8500 79280",PROD-0301,0,,Accessories,/images/CRIB_BEDDING_5PCS_8500_79280.webp,true,false,filename
302,"Crib Bedding 5pcs 8500 79282",PROD-0302,0,,Accessories,/images/CRIB_BEDDING_5PCS_8500_79282.webp,true,false,filename
303,"Crib Bedding 5pcs Set 8500 79277",PROD-0303,0,,Accessories,/images/CRIB_BEDDING_5PCS_SET_8500_79277_.webp,true,false,filename
304,"Crib Bedding 5pcs Set 8500 79284",PROD-0304,0,,Accessories,/images/CRIB_BEDDING_5PCS_SET_8500_79284.webp,true,false,filename
305,"Crib Convertable Rail 06097apr25 2500",PROD-0305,0,,Accessories,/images/CRIB_CONVERTABLE_RAIL_06097APR25_2500_.webp,true,false,filename
306,"Crib Mobile 648a 40 1650",PROD-0306,0,,Accessories,/images/CRIB_MOBILE_648A-40_1650.webp,true,false,filename
307,"Crib Net 564043 450",PROD-0307,0,,Accessories,/images/CRIB_NET_564043_450.webp,true,false,filename
308,"Crib Net C Net 980",PROD-0308,0,,Accessories,/images/CRIB_NET_C-NET_980.webp,true,false,filename
309,"Crib Sheet 1180",PROD-0309,0,,Accessories,/images/CRIB_SHEET_1180.webp,true,false,filename
310,"Crib Sheet A 77108 1180",PROD-0310,0,,Accessories,/images/CRIB_SHEET_A-77108_1180.webp,true,false,filename
311,"Cup Straw 330 Bpf 26",PROD-0311,0,,Accessories,/images/CUP-STRAW_330_BPF-26.webp,true,false,filename
312,"Cup Straw 395 Bip1013",PROD-0312,0,,Accessories,/images/CUP-STRAW_395_BIP1013.webp,true,false,filename
313,"Cup Straw 440 Bf3017",PROD-0313,0,,Accessories,/images/CUP-STRAW_440_BF3017.webp,true,false,filename
314,"Cup Replacement Straw 300 Bip1117",PROD-0314,0,,Accessories,/images/CUP_REPLACEMENT_STRAW_300_BIP1117.webp,true,false,filename
315,"Cup Sport 95 Pj6514",PROD-0315,0,,Accessories,/images/CUP_SPORT_95_PJ6514.webp,true,false,filename
316,"Cup Spoup 360 Gb1230",PROD-0316,0,,Accessories,/images/CUP_SPOUP_360_GB1230.webp,true,false,filename
317,"Cup Spourt 360 Bbid 51",PROD-0317,0,,Accessories,/images/CUP_SPOURT_360_BBID-51.webp,true,false,filename
318,"Cup Spout 380 Bbid 111",PROD-0318,0,,Accessories,/images/CUP_SPOUT_380_BBID-111.webp,true,false,filename
319,"Cup Spout 460 Bip1571",PROD-0319,0,,Accessories,/images/CUP_SPOUT_460_BIP1571.webp,true,false,filename
320,"Cup Spout Bip1195 395",PROD-0320,0,,Accessories,/images/CUP_SPOUT_BIP1195_395.webp,true,false,filename
321,"Cup Spurt Gbs410 380",PROD-0321,0,,Accessories,/images/CUP_SPURT_GBS410_380.webp,true,false,filename
322,"Cup Straw 380 Bbid 52",PROD-0322,0,,Accessories,/images/CUP_STRAW_380_BBID-52.webp,true,false,filename
323,"Cup Straw 460 Bbid 198",PROD-0323,0,,Accessories,/images/CUP_STRAW_460_BBID-198.webp,true,false,filename
324,"Cup Straw 465 Bbid 302",PROD-0324,0,,Accessories,/images/CUP_STRAW_465_BBID-302.webp,true,false,filename
325,"Cup Straw 520 Gbs409",PROD-0325,0,,Accessories,/images/CUP_STRAW_520_GBS409.webp,true,false,filename
326,"Cup Straw 610 Bbid 199",PROD-0326,0,,Accessories,/images/CUP_STRAW_610_BBID-199.webp,true,false,filename
327,"Cup Straw 95 Pj6522",PROD-0327,0,,Accessories,/images/CUP_STRAW_95_PJ6522_.webp,true,false,filename
328,"Cup Straw Bbid 194 460",PROD-0328,0,,Accessories,/images/CUP_STRAW_BBID-194_460_.webp,true,false,filename
329,"Cup Straw Bip1037 490",PROD-0329,0,,Accessories,/images/CUP_STRAW_BIP1037_490.webp,true,false,filename
330,"Cup Straw Bip1196 430",PROD-0330,0,,Accessories,/images/CUP_STRAW_BIP1196_430.webp,true,false,filename
331,"Cup Straw Gbs409 580",PROD-0331,0,,Accessories,/images/CUP_STRAW_GBS409_580.webp,true,false,filename
332,"Cup Straw Straw Bip1327 530",PROD-0332,0,,Accessories,/images/CUP_STRAW_STRAW_BIP1327_530_.webp,true,false,filename
333,"Cup Straw W 002l 380",PROD-0333,0,,Accessories,/images/CUP_STRAW_W-002L_380.webp,true,false,filename
334,"Cup Straw",365_BB-809,0,,Accessories,/images/CUP_STRAW__365_BB-809.webp,true,false,filename
335,"Desk And Seat 3300 03 364",PROD-0335,0,,Accessories,/images/DESK_AND_SEAT_3300_03-364_.webp,true,false,filename
336,"Diaper Bags 5pcs L683 Purple",1000,2500,1000,Accessories,/images/DIAPER_BAGS_5pcs_L683_purple__1000.webp,true,false,filename
337,"Diaper Bags Sf1812 1080",PROD-0337,0,,Accessories,/images/DIAPER_BAGS_SF1812_1080.webp,true,false,filename
338,"Diaper Bags Lg 8182 550",PROD-0338,0,,Accessories,/images/DIAPER_BAGS_lg_8182_550.webp,true,false,filename
339,"Diaper Bag Sh 8629 1400",PROD-0339,0,,Accessories,/images/DIAPER_BAG_SH-8629_1400_.webp,true,false,filename
340,"Feeding Suction Bowl 965671 320",PROD-0340,0,,Accessories,/images/FEEDING_SUCTION_BOWL_965671_320.webp,true,false,filename
341,"Feeding Suction Bowl Set Bpf 08 495",PROD-0341,0,,Accessories,/images/FEEDING_SUCTION_BOWL_SET_BPF-08_495.webp,true,false,filename
342,"Fruit Feeder Bbid 235 220",PROD-0342,0,,Accessories,/images/FRUIT_FEEDER_BBID-235_220.webp,true,false,filename
343,"Fruit Sack Dg 1125 220",PROD-0343,0,,Accessories,/images/FRUIT_SACK_DG-1125_220.webp,true,false,filename
344,"Fruit Sack Zzx 6071 250",PROD-0344,0,,Accessories,/images/FRUIT_SACK_ZZX-6071_250.webp,true,false,filename
345,"Groom Kit",PROD-0345,0,,Accessories,/images/GROOM_KIT_.webp,true,false,filename
346,"Groom Kit Tz11 240",PROD-0346,0,,Accessories,/images/GROOM_KIT_TZ11_240_.webp,true,false,filename
347,"Groom Set Jr 6012 520",PROD-0347,0,,Accessories,/images/GROOM_SET_JR-6012_520.webp,true,false,filename
348,"Headband 12pcs 38714 2 1400",PROD-0348,0,,Accessories,/images/HEADBAND_12pcs_38714-2_1400_.webp,true,false,filename
349,"Headband N Glasses 051696 130",PROD-0349,0,,Accessories,/images/HEADBAND_N_GLASSES_051696_130.webp,true,false,filename
350,"Head Band 38714 3 1450",PROD-0350,0,,Accessories,/images/HEAD_BAND_38714-3_1450_.webp,true,false,filename
351,"Head Band 7043 White 500 Doz",PROD-0351,0,,Accessories,/images/HEAD_BAND_7043_WHITE_500_doz.webp,true,false,filename
352,"Head Band And Socks 650 81572",PROD-0352,0,,Accessories,/images/HEAD_BAND_AND_SOCKS_650_81572_.webp,true,false,filename
353,"High Chair 12500.jpg 1",PROD-0353,0,,Accessories,/images/HIGH_CHAIR_12500.jpg-1.webp,true,false,filename
354,"High Chair 1500 Elf 1216",PROD-0354,0,,Accessories,/images/HIGH_CHAIR_1500_ELF-1216_.webp,true,false,filename
355,"High Chair Cry 40144",PROD-0355,0,,Accessories,/images/HIGH_CHAIR_CRY-40144.webp,true,false,filename
356,"High Chair Cry 40144 6800",PROD-0356,0,,Accessories,/images/HIGH_CHAIR_CRY-40144_6800.webp,true,false,filename
357,"High Chair Cryz  40144 6800",PROD-0357,0,,Accessories,/images/HIGH_CHAIR_CRYZ_-40144_6800.webp,true,false,filename
358,"High Chair S 330 8500",PROD-0358,0,,Accessories,/images/HIGH_CHAIR_S-330_8500.webp,true,false,filename
359,"High Chair Z L7 12500 1",PROD-0359,0,,Accessories,/images/HIGH_CHAIR_Z-L7_12500_1.webp,true,false,filename
360,"Knee Padded Socks H009 280",PROD-0360,0,,Accessories,/images/KNEE_PADDED_SOCKS_H009_280.webp,true,false,filename
361,"Medicine Dropper Dg 708150",PROD-0361,0,,Accessories,/images/MEDICINE_DROPPER_DG-708150.webp,true,false,filename
362,"Medicine Dropper Jr6031 160",PROD-0362,0,,Accessories,/images/MEDICINE_DROPPER_JR6031_160.webp,true,false,filename
363,"Medic Set 195 Bbx 167",PROD-0363,0,,Accessories,/images/MEDIC_SET_195_BBX-167.webp,true,false,filename
364,"Milk Dispencer 107f 320",PROD-0364,0,,Accessories,/images/MILK_DISPENCER_107F_320.webp,true,false,filename
365,"Mounth Cleaner 8263 100",PROD-0365,0,,Accessories,/images/MOUNTH_CLEANER_8263_100.webp,true,false,filename
366,"Nail Clippers Set Jr 6018 200",PROD-0366,0,,Accessories,/images/NAIL_CLIPPERS_SET_JR-6018_200.webp,true,false,filename
367,"Nail Clipper Dg 706 240",PROD-0367,0,,Accessories,/images/NAIL_CLIPPER_DG-706_240.webp,true,false,filename
368,"Nail Clipper Zzx 8028 90",PROD-0368,0,,Accessories,/images/NAIL_CLIPPER_ZZX-8028_90.webp,true,false,filename
369,"Nail Clip 8260 95",PROD-0369,0,,Accessories,/images/NAIL_CLIP_8260_95_.webp,true,false,filename
370,"Nail Clip Set 300 Gb1070",PROD-0370,0,,Accessories,/images/NAIL_CLIP_SET_300_GB1070.webp,true,false,filename
371,"Nappy 12s 1750 Es 001",PROD-0371,0,,Accessories,/images/NAPPY_12s_1750_ES-001.webp,true,false,filename
372,"Nasal Aspirator 160 Bbid 57",PROD-0372,0,,Accessories,/images/NASAL_ASPIRATOR_160_BBID-57.webp,true,false,filename
373,"Nasal Aspirator Jr 6017 180",PROD-0373,0,,Accessories,/images/NASAL_ASPIRATOR_JR-6017_180.webp,true,false,filename
374,"Pacificer 8124 120",PROD-0374,0,,Accessories,/images/PACIFICER_8124_120_.webp,true,false,filename
375,"Pacifier 160 45538",PROD-0375,0,,Accessories,/images/PACIFIER_160_45538_.webp,true,false,filename
376,"Pacifier 180 Gbc5156",PROD-0376,0,,Accessories,/images/PACIFIER_180_GBC5156.webp,true,false,filename
377,"Pacifier 230 Bbid 138",PROD-0377,0,,Accessories,/images/PACIFIER_230_BBID-138.webp,true,false,filename
378,"Pacifier 265 Bpf 05",PROD-0378,0,,Accessories,/images/PACIFIER_265_BPF-05.webp,true,false,filename
379,"Pacifier 280 Gbc5009",PROD-0379,0,,Accessories,/images/PACIFIER_280_GBC5009.webp,true,false,filename
380,"Pacifier 2pcs 220 Wz 31 At Y",PROD-0380,0,,Accessories,/images/PACIFIER_2PCS_220_WZ-31-AT-Y.webp,true,false,filename
381,"Pacifier 2pcs 45564 350",PROD-0381,0,,Accessories,/images/PACIFIER_2PCS_45564_350.webp,true,false,filename
382,"Pacifier 2pcsbbid 140 220",PROD-0382,0,,Accessories,/images/PACIFIER_2pcsBBID-140_220.webp,true,false,filename
383,"Pacifier 2pcs 220.00 Wx 33 A Y",PROD-0383,0,,Accessories,/images/PACIFIER_2pcs_220.00_WX-33-A-Y.webp,true,false,filename
384,"Pacifier 2pcs 350 45565",PROD-0384,0,,Accessories,/images/PACIFIER_2pcs_350_45565_.webp,true,false,filename
385,"Pacifier 45538 160",PROD-0385,0,,Accessories,/images/PACIFIER_45538_160_.webp,true,false,filename
386,"Pacifier 45539 160",PROD-0386,0,,Accessories,/images/PACIFIER_45539_160_.webp,true,false,filename
387,"Pacifier And Holder 320 45548",PROD-0387,0,,Accessories,/images/PACIFIER_AND_HOLDER_320_45548_.webp,true,false,filename
388,"Pacifier Holder 320 Bip1039",PROD-0388,0,,Accessories,/images/PACIFIER_HOLDER_320_BIP1039_.webp,true,false,filename
389,"Pacifier Holder 45549 180",PROD-0389,0,,Accessories,/images/PACIFIER_HOLDER_45549_180.webp,true,false,filename
390,"Pacifier Holder Dg 706 One 80",PROD-0390,0,,Accessories,/images/PACIFIER_HOLDER_DG-706_one_80.webp,true,false,filename
391,"Pacifier Holder Nd8812 160",PROD-0391,0,,Accessories,/images/PACIFIER_HOLDER_ND8812_160.webp,true,false,filename
392,"Pacifier N Holder 300 Wz 30 At Y",PROD-0392,0,,Accessories,/images/PACIFIER_N_HOLDER_300_WZ-30-AT-Y.webp,true,false,filename
393,"Pacifier With Case 45541 280",PROD-0393,0,,Accessories,/images/PACIFIER_WITH_CASE_45541_280.webp,true,false,filename
394,"Pacifier",HOLDER_PK-107_195_2,0,,Accessories,/images/PACIFIER__HOLDER_PK-107_195_2.webp,true,false,filename
395,"Piano Playmat 2800 Jgt 10",PROD-0395,0,,Accessories,/images/PIANO_PLAYMAT_2800_JGT-10.webp,true,false,filename
396,"Piano Playmat 2800 Jgt 8",PROD-0396,0,,Accessories,/images/PIANO_PLAYMAT_2800_JGT-8.webp,true,false,filename
397,"Pillow",PROD-0397,0,,Accessories,/images/PILLOW_.webp,true,false,filename
398,"Pillow 1912100 680",PROD-0398,0,,Accessories,/images/PILLOW_1912100_680.webp,true,false,filename
399,"Pillow For Baby 802263 360",PROD-0399,0,,Accessories,/images/PILLOW_FOR_BABY_802263_360_.webp,true,false,filename
400,"Pillow For Nursing 0088 3200",PROD-0400,0,,Accessories,/images/PILLOW_FOR_NURSING_0088_3200.webp,true,false,filename
401,"Pillow Fun And Learn 023 23 1300",PROD-0401,0,,Accessories,/images/PILLOW_FUN_AND_LEARN_023-23_1300.webp,true,false,filename
402,"Pillow Imp7102 980",PROD-0402,0,,Accessories,/images/PILLOW_IMP7102_980.webp,true,false,filename
403,"Pillow Imp7104 980",PROD-0403,0,,Accessories,/images/PILLOW_IMP7104_980.webp,true,false,filename
404,"Pillow Maternity 7500",PROD-0404,0,,Accessories,/images/PILLOW_MATERNITY_7500.webp,true,false,filename
405,"Pillow For Breast Feeding 2800 Hb20925",PROD-0405,0,,Accessories,/images/PILLOW_for_BREAST_FEEDING_2800_HB20925.webp,true,false,filename
406,"Plastic Panties 4083 150",PROD-0406,0,,Accessories,/images/PLASTIC_PANTIES_4083_150.webp,true,false,filename
407,"Plate Set 909 495",PROD-0407,0,,Accessories,/images/PLATE_SET_909_495.webp,true,false,filename
408,"Playmat 2200",PROD-0408,0,,Accessories,/images/PLAYMAT_2200_.webp,true,false,filename
409,"Playmat With Piano 668 90 2200 1",PROD-0409,0,,Accessories,/images/PLAYMAT_WITH_PIANO_668-90_2200_1.webp,true,false,filename
410,"Playmat With Piano 804a 1800 2",PROD-0410,0,,Accessories,/images/PLAYMAT_WITH_PIANO_804A_1800_2.webp,true,false,filename
411,"Playpen Cushion 3800 Epn Matt",PROD-0411,0,,Accessories,/images/PLAYPEN_CUSHION_3800_EPN-MATT.webp,true,false,filename
412,"Play Mat 0315 0319 2200",PROD-0412,0,,Accessories,/images/PLAY_MAT_0315-0319_2200__.webp,true,false,filename
413,"Plug Covers 320 Bbid 275",PROD-0413,0,,Accessories,/images/PLUG_COVERS_320_BBID-275.webp,true,false,filename
414,"Potty 9991 1 Music 2300",PROD-0414,0,,Accessories,/images/POTTY_9991-1_MUSIC_2300_.webp,true,false,filename
415,"Potty Bps 3 450",PROD-0415,0,,Accessories,/images/POTTY_BPS-3_450.webp,true,false,filename
416,"Potty Seat B5 95 560",PROD-0416,0,,Accessories,/images/POTTY_SEAT_B5-95_560.webp,true,false,filename
417,"Powder Dish Dgy 704 140",PROD-0417,0,,Accessories,/images/POWDER_DISH_DGY-704_140.webp,true,false,filename
418,"Pillow Cases 2pcs 450 Ztg34",PROD-0418,0,,Accessories,/images/Pillow_cases_2pcs_450_ZTG34.webp,true,false,filename
419,"Rattle 2113 1 50",PROD-0419,0,,Accessories,/images/RATTLE_2113-1_50.webp,true,false,filename
420,"Rattle 2113 1 50 2",PROD-0420,0,,Accessories,/images/RATTLE_2113-1_50_2.webp,true,false,filename
421,"Rattle 2pc 922 001 40.00",PROD-0421,0,,Accessories,/images/RATTLE_2PC_922-001_40.00.webp,true,false,filename
422,"Rattle 327 50 50pcs 2000",PROD-0422,0,,Accessories,/images/RATTLE_327-50_50PCS_2000.webp,true,false,filename
423,"Rattle 4304 3 280",PROD-0423,0,,Accessories,/images/RATTLE_4304-3_280.webp,true,false,filename
424,"Rattle 4309 1 340",PROD-0424,0,,Accessories,/images/RATTLE_4309-1_340.webp,true,false,filename
425,"Rattle 929 66a 50",PROD-0425,0,,Accessories,/images/RATTLE_929-66A_50.webp,true,false,filename
426,"Rattle Bell 400224 65",PROD-0426,0,,Accessories,/images/RATTLE_BELL_400224_65.webp,true,false,filename
427,"Rattle Bell 626 1a 95",PROD-0427,0,,Accessories,/images/RATTLE_BELL_626-1A_95.webp,true,false,filename
428,"Rattle Bell 626 5 200",PROD-0428,0,,Accessories,/images/RATTLE_BELL_626-5_200.webp,true,false,filename
429,"Reciever 102360 350",PROD-0429,0,,Accessories,/images/RECIEVER_102360_350.webp,true,false,filename
430,"Reciever 102362 980",PROD-0430,0,,Accessories,/images/RECIEVER_102362_980_.webp,true,false,filename
431,"Reciever 6pcs Mg 0738 2000",PROD-0431,0,,Accessories,/images/RECIEVER_6PCS_MG-0738_2000_.webp,true,false,filename
432,"Rubber Ducky 125029 240",PROD-0432,0,,Accessories,/images/RUBBER_DUCKY_125029_240.webp,true,false,filename
433,"Slide 126 21000",PROD-0433,0,,Accessories,/images/SLIDE_126_21000.webp,true,false,filename
434,"Slide 134 19000",PROD-0434,0,,Accessories,/images/SLIDE_134_19000.webp,true,false,filename
435,"Slide 135 19000",PROD-0435,0,,Accessories,/images/SLIDE_135_19000.webp,true,false,filename
436,"Slide 139 19000",PROD-0436,0,,Accessories,/images/SLIDE_139_19000.webp,true,false,filename
437,"Soap Dish 65 210163",PROD-0437,0,,Accessories,/images/SOAP_DISH_65_210163.webp,true,false,filename
438,"Soap Dish 95 C40123",PROD-0438,0,,Accessories,/images/SOAP_DISH_95_C40123.webp,true,false,filename
439,"Spoon 5pcs 480 Bip1419",PROD-0439,0,,Accessories,/images/SPOON_5pcs_480_BIP1419.webp,true,false,filename
440,"Spoon 6070 195",PROD-0440,0,,Accessories,/images/SPOON_6070_195.webp,true,false,filename
441,"Spoon Jr8008 150",PROD-0441,0,,Accessories,/images/SPOON_JR8008_150.webp,true,false,filename
442,"Spoon",FORK_SET_8017_140_,0,,Accessories,/images/SPOON__FORK_SET_8017_140_.webp,true,false,filename
443,"Stroller 8188 15000.00",PROD-0443,0,,Accessories,/images/STROLLER_8188_15000.00.webp,true,false,filename
444,"Stroller A517 6800",PROD-0444,0,,Accessories,/images/STROLLER_A517_6800.webp,true,false,filename
445,"Stroller Combo 23000 Cam 800",PROD-0445,0,,Accessories,/images/STROLLER_COMBO_23000_CAM-800.webp,true,false,filename
446,"Stroller Combo 23000 Cam 801",PROD-0446,0,,Accessories,/images/STROLLER_COMBO_23000_CAM-801.webp,true,false,filename
447,"Stroller Combo 23000 Cam 806",PROD-0447,0,,Accessories,/images/STROLLER_COMBO_23000_CAM-806.webp,true,false,filename
448,"Stroller Combo 24000 Cam 300",PROD-0448,0,,Accessories,/images/STROLLER_COMBO_24000_CAM-300.webp,true,false,filename
449,"Stroller Katia 3 9800",PROD-0449,0,,Accessories,/images/STROLLER_KATIA-3_9800.webp,true,false,filename
450,"Stroller St1 3900",PROD-0450,0,,Accessories,/images/STROLLER_ST1_3900.webp,true,false,filename
451,"Stroller Toy He0315 1950",PROD-0451,0,,Toys & Bouncers,/images/STROLLER_TOY_HE0315_1950.webp,true,false,filename
452,"Stroller Toy N5074a 1400",PROD-0452,0,,Toys & Bouncers,/images/STROLLER_TOY_N5074A_1400_.webp,true,false,filename
453,"Stroller Twin 14500",PROD-0453,0,,Accessories,/images/STROLLER_TWIN_14500.webp,true,false,filename
454,"Swim Arm Band 80058642 260",PROD-0454,0,,Accessories,/images/SWIM_ARM_BAND_80058642_260.webp,true,false,filename
455,"Swim Baby Float 51128 1080",PROD-0455,0,,Accessories,/images/SWIM_BABY_FLOAT_51128_1080.webp,true,false,filename
456,"Swim Baby Float 56588 1550",PROD-0456,0,,Accessories,/images/SWIM_BABY_FLOAT_56588_1550_.webp,true,false,filename
457,"Swim Beach Ball 59030 220",PROD-0457,0,,Accessories,/images/SWIM_BEACH_BALL_59030_220.webp,true,false,filename
458,"Swim Float Vest Big Kids 680 58671",PROD-0458,0,,Accessories,/images/SWIM_FLOAT_VEST_BIG_KIDS_680_58671.webp,true,false,filename
459,"Swim Goggles 55602 320",PROD-0459,0,,Accessories,/images/SWIM_GOGGLES_55602_320_.webp,true,false,filename
460,"Swim Goggles 55684 850",PROD-0460,0,,Accessories,/images/SWIM_GOGGLES_55684_850.webp,true,false,filename
461,"Swim Goggles 55685 780",PROD-0461,0,,Accessories,/images/SWIM_GOGGLES_55685_780.webp,true,false,filename
462,"Swim Pool 12000 56475",PROD-0462,0,,Accessories,/images/SWIM_POOL_12000_56475.webp,true,false,filename
463,"Swim Pool 57453 15500",PROD-0463,0,,Accessories,/images/SWIM_POOL_57453_15500_.webp,true,false,filename
464,"Swim Pool 59460 2250",PROD-0464,0,,Accessories,/images/SWIM_POOL_59460_2250.webp,true,false,filename
465,"Swim Pool 91018 1280",PROD-0465,0,,Accessories,/images/SWIM_POOL_91018_1280.webp,true,false,filename
466,"Slide 130 17000",PROD-0466,0,,Accessories,/images/SlIDE_130_17000.webp,true,false,filename
467,"Slide 132 17000",PROD-0467,0,,Accessories,/images/Slide_132_17000.webp,true,false,filename
468,"Teether 220243 135",PROD-0468,0,,Accessories,/images/TEETHER_220243_135.webp,true,false,filename
469,"Teether 280 9504",PROD-0469,0,,Accessories,/images/TEETHER_280_9504.webp,true,false,filename
470,"Teether 306d 280",PROD-0470,0,,Accessories,/images/TEETHER_306D_280.webp,true,false,filename
471,"Teether 306e 480",PROD-0471,0,,Accessories,/images/TEETHER_306E_480.webp,true,false,filename
472,"Teether 446c 190",PROD-0472,0,,Accessories,/images/TEETHER_446C_190.webp,true,false,filename
473,"Teether 8374 3 350",PROD-0473,0,,Accessories,/images/TEETHER_8374-3_350.webp,true,false,filename
474,"Teether B33 185",PROD-0474,0,,Accessories,/images/TEETHER_B33_185.webp,true,false,filename
475,"Teether Bbid 245 380",PROD-0475,0,,Accessories,/images/TEETHER_BBID-245_380.webp,true,false,filename
476,"Teether Bip1001 260",PROD-0476,0,,Accessories,/images/TEETHER_BIP1001_260.webp,true,false,filename
477,"Teether Bip1132 260",PROD-0477,0,,Accessories,/images/TEETHER_BIP1132_260.webp,true,false,filename
478,"Teether Bip1432 310",PROD-0478,0,,Accessories,/images/TEETHER_BIP1432_310.webp,true,false,filename
479,"Teether Bip1459 295",PROD-0479,0,,Accessories,/images/TEETHER_BIP1459_295.webp,true,false,filename
480,"Teether Bm6004 380",PROD-0480,0,,Accessories,/images/TEETHER_BM6004_380_.webp,true,false,filename
481,"Teether Bsd 1141 190",PROD-0481,0,,Accessories,/images/TEETHER_BSD-1141_190.webp,true,false,filename
482,"Teether Gb 0697 195",PROD-0482,0,,Accessories,/images/TEETHER_GB-0697_195.webp,true,false,filename
483,"Teether Gbc5121 250",PROD-0483,0,,Accessories,/images/TEETHER_GBC5121_250.webp,true,false,filename
484,"Teether Lt 13021 190",PROD-0484,0,,Accessories,/images/TEETHER_LT-13021_190.webp,true,false,filename
485,"Teether Mitten Mn 2246 260",PROD-0485,0,,Accessories,/images/TEETHER_MITTEN_MN-2246_260.webp,true,false,filename
486,"Thermometer Zjk 306 300 3",PROD-0486,0,,Accessories,/images/THERMOMETER_ZJK-306_300_3.webp,true,false,filename
487,"Toothbrush 2pcs M 233 140",PROD-0487,0,,Accessories,/images/TOOTHBRUSH_2pcs_M-233_140_.webp,true,false,filename
488,"Toothbrush 365 A 77166",PROD-0488,0,,Accessories,/images/TOOTHBRUSH_365_A-77166.webp,true,false,filename
489,"Toothpaste 300 47102",PROD-0489,0,,Accessories,/images/TOOTHPASTE_300_47102_.webp,true,false,filename
490,"Towel 2pcs Ckt 458 950",PROD-0490,0,,Accessories,/images/TOWEL_2PCS_CKT-458_950.webp,true,false,filename
491,"Towel Hooded E001 1050",PROD-0491,0,,Accessories,/images/TOWEL_HOODED_E001_1050.webp,true,false,filename
492,"Towel",WASH_CLOTH_7pcs_SET_092188_950,0,,Accessories,/images/TOWEL__WASH_CLOTH_7pcs_SET_092188_950.webp,true,false,filename
493,"Towel With Hooded 600 Mg1001",PROD-0493,0,,Accessories,/images/TOWEL_with_HOODED_600_MG1001.webp,true,false,filename
494,"Toy 950",PROD-0494,0,,Toys & Bouncers,/images/TOY_950.webp,true,false,filename
495,"Toy 950 Hy555 Z",PROD-0495,0,,Toys & Bouncers,/images/TOY_950_HY555-Z.webp,true,false,filename
496,"Toy 950 Hy650 E",PROD-0496,0,,Toys & Bouncers,/images/TOY_950_HY650-E.webp,true,false,filename
497,"Toy Baby Tablets 3121 1350",PROD-0497,0,,Toys & Bouncers,/images/TOY_BABY_TABLETS_3121_1350.webp,true,false,filename
498,"Toy Building Block 0610 630",PROD-0498,0,,Toys & Bouncers,/images/TOY_BUILDING_BLOCK_0610_630.webp,true,false,filename
499,"Toy Building Block 6911 580",PROD-0499,0,,Toys & Bouncers,/images/TOY_BUILDING_BLOCK_6911_580.webp,true,false,filename
500,"Toy Building Block C2714 195",PROD-0500,0,,Toys & Bouncers,/images/TOY_BUILDING_BLOCK_C2714_195.webp,true,false,filename
501,"Toy Building Block Hj 3307 8 290",PROD-0501,0,,Toys & Bouncers,/images/TOY_BUILDING_BLOCK_HJ-3307-8_290.webp,true,false,filename
502,"Toy Fk1501 900",PROD-0502,0,,Toys & Bouncers,/images/TOY_FK1501_900_.webp,true,false,filename
503,"Toy Fk1503 900",PROD-0503,0,,Toys & Bouncers,/images/TOY_FK1503_900_.webp,true,false,filename
504,"Toy Hy556 Z 950",PROD-0504,0,,Toys & Bouncers,/images/TOY_HY556-Z_950.webp,true,false,filename
505,"Toy Ride On Car 2020 4000meas71x38x33 Cm",PROD-0505,0,,Toys & Bouncers,/images/TOY_RIDE_ON_CAR_2020_4000MEAS71X38X33_CM.webp,true,false,filename
506,"Toy Ride On Car",2020_4000_71X38X33_CM,0,,Toys & Bouncers,/images/TOY_RIDE_ON_CAR__2020_4000_71X38X33_CM.webp,true,false,filename
507,"Toy Ride On Car Blue Red White",2020_4000_71X38X33_CM_,0,,Toys & Bouncers,/images/TOY_RIDE_ON_CAR_blue_red_white__2020_4000_71X38X33_CM_.webp,true,false,filename
508,"Tricycle",PROD-0508,0,,Accessories,/images/TRICYCLE_.webp,true,false,filename
509,"Tricycle 2500 Y Ts5152case 6ps",PROD-0509,0,,Accessories,/images/TRICYCLE_2500_Y-TS5152CASE_6PS.webp,true,false,filename
510,"Wash Cloth Mg 0739 24pcs 650",PROD-0510,0,,Accessories,/images/WASH_CLOTH_MG-0739_24PCS_650.webp,true,false,filename
511,"Wipes Bag 057 60",PROD-0511,0,,Accessories,/images/WIPES_BAG_057_60.webp,true,false,filename
512,"Wipes Container Mg 0737160.00",PROD-0512,0,,Accessories,/images/WIPES_CONTAINER_MG-0737160.00.webp,true,false,filename
513,"Wash Cloth 6pcs 0602 220",PROD-0513,0,,Accessories,/images/Wash_cloth_6pcs_0602_220.webp,true,false,filename